2019/3/20,0:00:30,,192.168.43.170,49.9898,49.952,50.009,2019/3/20,0:00:25
2019/3/20,0:02:38,,192.168.43.170,49.9499,49.9306,49.971,2019/3/20,0:02:31
2019/3/20,0:04:45,,192.168.43.170,49.9501,49.894,49.9835,2019/3/20,0:04:39
2019/3/20,0:06:52,,192.168.43.170,49.9625,49.9079,50,2019/3/20,0:06:46
2019/3/20,0:08:59,,192.168.43.170,49.9473,49.8985,50.0075,2019/3/20,0:08:53
2019/3/20,0:11:06,,192.168.43.170,49.9585,49.9226,50.0123,2019/3/20,0:11:00
2019/3/20,0:13:13,,192.168.43.170,49.9583,49.9311,49.988,2019/3/20,0:13:07
2019/3/20,0:15:20,,192.168.43.170,49.9929,49.9545,50.0325,2019/3/20,0:15:14
2019/3/20,0:17:27,,192.168.43.170,50.0104,49.8778,50.0546,2019/3/20,0:17:21
2019/3/20,0:19:33,,192.168.43.170,49.991,49.9411,50.0435,2019/3/20,0:19:27
2019/3/20,0:21:40,,192.168.43.170,49.9917,49.9366,50.0606,2019/3/20,0:21:34
2019/3/20,0:23:46,,192.168.43.170,50.02,49.996,50.0536,2019/3/20,0:23:40
2019/3/20,0:25:54,,192.168.43.170,50.0031,49.983,50.0225,2019/3/20,0:25:47
2019/3/20,0:28:01,,192.168.43.170,50.0185,49.97,50.0686,2019/3/20,0:27:55
2019/3/20,0:30:07,,192.168.43.170,50.0325,49.984,50.0696,2019/3/20,0:30:01
2019/3/20,0:32:14,,192.168.43.170,50.0083,49.9625,50.0721,2019/3/20,0:32:07
2019/3/20,0:34:21,,192.168.43.170,50.0133,49.9555,50.0596,2019/3/20,0:34:14
2019/3/20,0:36:28,,192.168.43.170,50.0265,49.984,50.0736,2019/3/20,0:36:21
2019/3/20,0:38:35,,192.168.43.170,50.0068,49.9446,50.0626,2019/3/20,0:38:29
2019/3/20,0:40:42,,192.168.43.170,50.0256,49.9695,50.0671,2019/3/20,0:40:36
2019/3/20,0:42:48,,192.168.43.170,50.0127,49.972,50.0415,2019/3/20,0:42:43
2019/3/20,0:44:55,,192.168.43.170,50.0201,49.9441,50.0676,2019/3/20,0:44:49
2019/3/20,0:47:01,,192.168.43.170,50.0345,49.9855,50.0676,2019/3/20,0:46:55
2019/3/20,0:49:07,,192.168.43.170,50.0297,50.008,50.0641,2019/3/20,0:49:01
2019/3/20,0:51:13,,192.168.43.170,50.0149,49.9456,50.0591,2019/3/20,0:51:08
2019/3/20,0:53:20,,192.168.43.170,50.0081,49.966,50.049,2019/3/20,0:53:14
2019/3/20,0:55:26,,192.168.43.170,50.0216,49.9317,50.0651,2019/3/20,0:55:21
2019/3/20,0:57:33,,192.168.43.170,50.0337,49.9905,50.0671,2019/3/20,0:57:27
2019/3/20,0:59:40,,192.168.43.170,50.0153,49.9451,50.0581,2019/3/20,0:59:33
2019/3/20,1:01:47,,192.168.43.170,50.0087,49.9411,50.0606,2019/3/20,1:01:40
2019/3/20,1:03:55,,192.168.43.170,50.0351,50.001,50.0631,2019/3/20,1:03:47
2019/3/20,1:06:02,,192.168.43.170,50.0276,49.9781,50.0601,2019/3/20,1:05:56
2019/3/20,1:08:08,,192.168.43.170,50.0185,49.9386,50.0596,2019/3/20,1:08:03
2019/3/20,1:10:15,,192.168.43.170,50.0233,49.9905,50.0941,2019/3/20,1:10:09
2019/3/20,1:12:22,,192.168.43.170,50.0272,49.9995,50.0686,2019/3/20,1:12:15
2019/3/20,1:14:29,,192.168.43.170,50.0282,49.976,50.0651,2019/3/20,1:14:23
2019/3/20,1:16:36,,192.168.43.170,50.024,49.9765,50.0631,2019/3/20,1:16:30
2019/3/20,1:18:42,,192.168.43.170,50.0153,49.982,50.0576,2019/3/20,1:18:37
2019/3/20,1:20:49,,192.168.43.170,50.0043,49.973,50.0561,2019/3/20,1:20:43
2019/3/20,1:22:56,,192.168.43.170,50.0065,49.9765,50.042,2019/3/20,1:22:50
2019/3/20,1:25:03,,192.168.43.170,50.0086,49.9655,50.043,2019/3/20,1:24:57
2019/3/20,1:27:10,,192.168.43.170,50.0376,50.0005,50.0706,2019/3/20,1:27:04
2019/3/20,1:29:16,,192.168.43.170,49.9628,49.9261,50.006,2019/3/20,1:29:11
2019/3/20,1:31:23,,192.168.43.170,49.9534,49.9226,49.978,2019/3/20,1:31:17
2019/3/20,1:33:30,,192.168.43.170,49.971,49.9366,50.035,2019/3/20,1:33:24
2019/3/20,1:35:37,,192.168.43.170,49.9518,49.9181,49.992,2019/3/20,1:35:31
2019/3/20,1:37:44,,192.168.43.170,49.9575,49.9206,49.999,2019/3/20,1:37:38
2019/3/20,1:39:51,,192.168.43.170,49.9572,49.9281,49.9885,2019/3/20,1:39:45
2019/3/20,1:41:58,,192.168.43.170,49.9704,49.9451,50.013,2019/3/20,1:41:52
2019/3/20,1:44:05,,192.168.43.170,50.0119,49.9486,50.0681,2019/3/20,1:43:59
2019/3/20,1:46:11,,192.168.43.170,50.0134,49.9535,50.0646,2019/3/20,1:46:06
2019/3/20,1:48:23,,192.168.43.170,50.0357,49.982,50.0676,2019/3/20,1:48:12
2019/3/20,1:50:29,,192.168.43.170,50.0361,49.9915,50.0646,2019/3/20,1:50:24
2019/3/20,1:52:36,,192.168.43.170,50.0226,49.9745,50.0751,2019/3/20,1:52:30
2019/3/20,1:54:43,,192.168.43.170,50.0368,49.985,50.0696,2019/3/20,1:54:37
2019/3/20,1:56:50,,192.168.43.170,50.0283,49.9875,50.0666,2019/3/20,1:56:44
2019/3/20,1:58:58,,192.168.43.170,50.0313,49.9945,50.0536,2019/3/20,1:58:51
2019/3/20,2:01:04,,192.168.43.170,50.0246,49.9805,50.0836,2019/3/20,2:00:58
2019/3/20,2:03:11,,192.168.43.170,50.0092,49.9585,50.0551,2019/3/20,2:03:05
2019/3/20,2:05:18,,192.168.43.170,49.992,49.9505,50.0375,2019/3/20,2:05:11
2019/3/20,2:07:24,,192.168.43.170,49.9541,49.9261,50.009,2019/3/20,2:07:19
2019/3/20,2:09:31,,192.168.43.170,50.0114,49.955,50.0566,2019/3/20,2:09:25
2019/3/20,2:11:38,,192.168.43.170,50.033,49.9905,50.0646,2019/3/20,2:11:32
2019/3/20,2:13:43,,192.168.43.170,50.03,49.997,50.0736,2019/3/20,2:13:38
2019/3/20,2:15:50,,192.168.43.170,50.0159,49.9945,50.0636,2019/3/20,2:15:44
2019/3/20,2:17:56,,192.168.43.170,50.0119,49.966,50.0475,2019/3/20,2:17:51
2019/3/20,2:20:02,,192.168.43.170,50.0211,49.96,50.0566,2019/3/20,2:19:57
2019/3/20,2:22:09,,192.168.43.170,50.0115,49.9496,50.0771,2019/3/20,2:22:03
2019/3/20,2:24:15,,192.168.43.170,50.0235,49.975,50.0676,2019/3/20,2:24:10
2019/3/20,2:26:22,,192.168.43.170,50.0207,49.9615,50.0636,2019/3/20,2:26:16
2019/3/20,2:28:28,,192.168.43.170,50.0352,50.0025,50.0611,2019/3/20,2:28:22
2019/3/20,2:30:34,,192.168.43.170,50.0206,49.97,50.0701,2019/3/20,2:30:28
2019/3/20,2:32:41,,192.168.43.170,50.0035,49.9336,50.0691,2019/3/20,2:32:35
2019/3/20,2:34:48,,192.168.43.170,50.0287,49.9394,50.0883,2019/3/20,2:34:42
2019/3/20,2:36:54,,192.168.43.170,50.0331,49.9835,50.0681,2019/3/20,2:36:48
2019/3/20,2:39:01,,192.168.43.170,50.0096,49.9565,50.0686,2019/3/20,2:38:55
2019/3/20,2:41:08,,192.168.43.170,50.0311,49.9815,50.0626,2019/3/20,2:41:02
2019/3/20,2:43:14,,192.168.43.170,49.9503,49.9151,50.0154,2019/3/20,2:43:09
2019/3/20,2:45:22,,192.168.43.170,49.9984,49.8836,50.0285,2019/3/20,2:45:15
2019/3/20,2:47:28,,192.168.43.170,49.9793,49.9481,50.022,2019/3/20,2:47:23
2019/3/20,2:49:35,,192.168.43.170,49.9736,49.9441,50.076,2019/3/20,2:49:29
2019/3/20,2:51:42,,192.168.43.170,49.9914,49.9391,50.0455,2019/3/20,2:51:36
2019/3/20,2:53:48,,192.168.43.170,50.0198,49.9505,50.0666,2019/3/20,2:53:43
2019/3/20,2:55:55,,192.168.43.170,50.0143,49.9675,50.0691,2019/3/20,2:55:49
2019/3/20,2:58:02,,192.168.43.170,50.0034,49.9471,50.0586,2019/3/20,2:57:56
2019/3/20,3:00:08,,192.168.43.170,50.0347,49.9815,50.1369,2019/3/20,3:00:03
2019/3/20,3:02:15,,192.168.43.170,50.0242,49.9895,50.0551,2019/3/20,3:02:09
2019/3/20,3:04:22,,192.168.43.170,50.0156,49.956,50.0631,2019/3/20,3:04:16
2019/3/20,3:06:29,,192.168.43.170,49.9722,49.9281,50.0335,2019/3/20,3:06:23
2019/3/20,3:08:35,,192.168.43.170,50.0203,49.9765,50.049,2019/3/20,3:08:29
2019/3/20,3:10:42,,192.168.43.170,50.0261,49.977,50.0651,2019/3/20,3:10:36
2019/3/20,3:12:48,,192.168.43.170,49.9815,49.9411,50.0576,2019/3/20,3:12:43
2019/3/20,3:14:55,,192.168.43.170,49.9617,49.9346,49.991,2019/3/20,3:14:49
2019/3/20,3:17:02,,192.168.43.170,49.9806,49.9296,50.045,2019/3/20,3:16:56
2019/3/20,3:19:09,,192.168.43.170,50.0232,49.979,50.0591,2019/3/20,3:19:03
2019/3/20,3:21:16,,192.168.43.170,49.981,49.9416,50.0175,2019/3/20,3:21:09
2019/3/20,3:23:22,,192.168.43.170,49.9737,49.9426,50.002,2019/3/20,3:23:17
2019/3/20,3:25:28,,192.168.43.170,49.9941,49.9431,50.047,2019/3/20,3:25:23
2019/3/20,3:27:35,,192.168.43.170,50.0315,50.0065,50.0656,2019/3/20,3:27:29
2019/3/20,3:29:41,,192.168.43.170,50.0053,49.9461,50.0571,2019/3/20,3:29:36
2019/3/20,3:31:47,,192.168.43.170,50.0247,50.001,50.0516,2019/3/20,3:31:41
2019/3/20,3:33:54,,192.168.43.170,50.0341,49.98,50.0701,2019/3/20,3:33:48
2019/3/20,3:36:01,,192.168.43.170,50.001,49.9481,50.0596,2019/3/20,3:35:55
2019/3/20,3:38:09,,192.168.43.170,49.9931,49.964,50.0561,2019/3/20,3:38:02
2019/3/20,3:40:15,,192.168.43.170,49.9646,49.9058,50.006,2019/3/20,3:40:09
2019/3/20,3:42:22,,192.168.43.170,49.9506,49.8982,50.0205,2019/3/20,3:42:16
2019/3/20,3:44:29,,192.168.43.170,49.9595,49.9336,50.0175,2019/3/20,3:44:23
2019/3/20,3:46:35,,192.168.43.170,49.973,49.9376,50.0305,2019/3/20,3:46:29
2019/3/20,3:48:42,,192.168.43.170,50.0308,50.0025,50.0606,2019/3/20,3:48:36
2019/3/20,3:50:48,,192.168.43.170,50.026,49.966,50.0631,2019/3/20,3:50:42
2019/3/20,3:52:55,,192.168.43.170,50.0215,49.977,50.0551,2019/3/20,3:52:49
2019/3/20,3:55:07,,192.168.43.170,50.0251,49.98,50.0676,2019/3/20,3:54:55
2019/3/20,3:57:13,,192.168.43.170,50.0306,49.9785,50.0731,2019/3/20,3:57:08
2019/3/20,3:59:20,,192.168.43.170,50.0034,49.9386,50.0616,2019/3/20,3:59:14
2019/3/20,4:01:27,,192.168.43.170,49.9573,49.9286,49.9915,2019/3/20,4:01:21
2019/3/20,4:03:34,,192.168.43.170,49.973,49.9211,50.0809,2019/3/20,4:03:28
2019/3/20,4:05:41,,192.168.43.170,50.012,49.9615,50.0566,2019/3/20,4:05:35
2019/3/20,4:07:48,,192.168.43.170,50.0309,49.9705,50.0686,2019/3/20,4:07:41
2019/3/20,4:09:54,,192.168.43.170,50.0182,49.9625,50.0706,2019/3/20,4:09:48
2019/3/20,4:12:01,,192.168.43.170,50.0043,49.9456,50.0651,2019/3/20,4:11:55
2019/3/20,4:14:07,,192.168.43.170,49.9672,49.9421,50.0095,2019/3/20,4:14:02
2019/3/20,4:16:14,,192.168.43.170,50.0229,49.9515,50.0571,2019/3/20,4:16:08
2019/3/20,4:18:21,,192.168.43.170,49.9794,49.9441,50.012,2019/3/20,4:18:15
2019/3/20,4:20:28,,192.168.43.170,49.9909,49.9291,50.0485,2019/3/20,4:20:22
2019/3/20,4:22:34,,192.168.43.170,50.0131,49.9366,50.0601,2019/3/20,4:22:28
2019/3/20,4:24:41,,192.168.43.170,50.0285,49.9835,50.0686,2019/3/20,4:24:35
2019/3/20,4:26:48,,192.168.43.170,50.0255,49.98,50.0666,2019/3/20,4:26:42
2019/3/20,4:28:55,,192.168.43.170,50.0337,49.996,50.0686,2019/3/20,4:28:49
2019/3/20,4:31:01,,192.168.43.170,50.0268,49.9745,50.0596,2019/3/20,4:30:55
2019/3/20,4:33:08,,192.168.43.170,50.0163,49.959,50.0621,2019/3/20,4:33:02
2019/3/20,4:35:14,,192.168.43.170,50.0396,49.9765,50.0841,2019/3/20,4:35:09
2019/3/20,4:37:21,,192.168.43.170,50.0365,49.9895,50.0721,2019/3/20,4:37:15
2019/3/20,4:39:28,,192.168.43.170,50.0185,49.968,50.0691,2019/3/20,4:39:22
2019/3/20,4:41:35,,192.168.43.170,49.989,49.9211,50.0676,2019/3/20,4:41:29
2019/3/20,4:43:42,,192.168.43.170,49.9566,49.9281,49.9875,2019/3/20,4:43:35
2019/3/20,4:45:48,,192.168.43.170,49.9425,49.9221,49.97,2019/3/20,4:45:42
2019/3/20,4:47:55,,192.168.43.170,49.9756,49.9451,50.021,2019/3/20,4:47:49
2019/3/20,4:50:02,,192.168.43.170,49.9551,49.8714,49.983,2019/3/20,4:49:56
2019/3/20,4:52:09,,192.168.43.170,49.9963,49.9461,50.0751,2019/3/20,4:52:03
2019/3/20,4:54:15,,192.168.43.170,50.0281,49.9835,50.0626,2019/3/20,4:54:09
2019/3/20,4:56:22,,192.168.43.170,50.0101,49.952,50.0636,2019/3/20,4:56:16
2019/3/20,4:58:29,,192.168.43.170,50.0288,49.9865,50.0656,2019/3/20,4:58:22
2019/3/20,5:00:36,,192.168.43.170,50.0426,49.9965,50.0721,2019/3/20,5:00:29
2019/3/20,5:02:42,,192.168.43.170,50.0155,49.9595,50.0596,2019/3/20,5:02:36
2019/3/20,5:04:49,,192.168.43.170,49.9961,49.9545,50.0275,2019/3/20,5:04:43
2019/3/20,5:06:56,,192.168.43.170,49.9775,49.9376,50.035,2019/3/20,5:06:50
2019/3/20,5:09:03,,192.168.43.170,50.0291,49.978,50.1447,2019/3/20,5:08:56
2019/3/20,5:11:10,,192.168.43.170,50.0239,49.9665,50.0626,2019/3/20,5:11:03
2019/3/20,5:13:16,,192.168.43.170,49.9836,49.9486,50.041,2019/3/20,5:13:10
2019/3/20,5:15:23,,192.168.43.170,49.9878,49.9401,50.0435,2019/3/20,5:15:17
2019/3/20,5:17:30,,192.168.43.170,50.0075,49.952,50.0631,2019/3/20,5:17:24
2019/3/20,5:19:37,,192.168.43.170,49.9836,49.9575,50.017,2019/3/20,5:19:31
2019/3/20,5:21:43,,192.168.43.170,50.0162,49.958,50.0626,2019/3/20,5:21:37
2019/3/20,5:23:50,,192.168.43.170,49.956,49.9291,49.985,2019/3/20,5:23:44
2019/3/20,5:25:57,,192.168.43.170,49.9561,49.9306,50.008,2019/3/20,5:25:51
2019/3/20,5:28:03,,192.168.43.170,50.019,49.984,50.0746,2019/3/20,5:27:58
2019/3/20,5:30:10,,192.168.43.170,49.9896,49.9371,50.0335,2019/3/20,5:30:04
2019/3/20,5:32:17,,192.168.43.170,49.9982,49.9466,50.0721,2019/3/20,5:32:11
2019/3/20,5:34:24,,192.168.43.170,50.0381,49.9895,50.0706,2019/3/20,5:34:18
2019/3/20,5:36:30,,192.168.43.170,50.0258,49.959,50.0641,2019/3/20,5:36:24
2019/3/20,5:38:37,,192.168.43.170,49.9587,49.9351,49.9775,2019/3/20,5:38:31
2019/3/20,5:40:44,,192.168.43.170,49.9786,49.9361,50.0455,2019/3/20,5:40:38
2019/3/20,5:42:50,,192.168.43.170,49.9921,49.9386,50.0721,2019/3/20,5:42:44
2019/3/20,5:44:57,,192.168.43.170,50.0071,49.9396,50.0731,2019/3/20,5:44:51
2019/3/20,5:47:10,,192.168.43.170,50.0071,49.9695,50.0516,2019/3/20,5:46:58
2019/3/20,5:49:16,,192.168.43.170,49.9983,49.9441,50.0621,2019/3/20,5:49:10
2019/3/20,5:51:23,,192.168.43.170,50.0022,49.9371,50.035,2019/3/20,5:51:17
2019/3/20,5:53:30,,192.168.43.170,49.9535,49.9346,49.99,2019/3/20,5:53:24
2019/3/20,5:55:37,,192.168.43.170,49.9595,49.9226,50.0035,2019/3/20,5:55:31
2019/3/20,5:57:43,,192.168.43.170,50.0101,49.9411,50.0631,2019/3/20,5:57:38
2019/3/20,5:59:50,,192.168.43.170,50.0086,49.9545,50.0666,2019/3/20,5:59:44
2019/3/20,6:01:57,,192.168.43.170,50.0215,49.9745,50.0601,2019/3/20,6:01:51
2019/3/20,6:04:03,,192.168.43.170,50.0427,49.993,50.0686,2019/3/20,6:03:57
2019/3/20,6:06:15,,192.168.43.170,50.0105,49.968,50.0676,2019/3/20,6:06:04
2019/3/20,6:08:22,,192.168.43.170,50.0031,49.9386,50.0716,2019/3/20,6:08:16
2019/3/20,6:10:29,,192.168.43.170,49.9521,49.9311,49.977,2019/3/20,6:10:23
2019/3/20,6:12:35,,192.168.43.170,49.9632,49.9316,50.0055,2019/3/20,6:12:29
2019/3/20,6:14:42,,192.168.43.170,50.0132,49.9456,50.0576,2019/3/20,6:14:36
2019/3/20,6:16:50,,192.168.43.170,49.9608,49.9321,50.0385,2019/3/20,6:16:43
2019/3/20,6:18:57,,192.168.43.170,49.964,49.9381,50.0255,2019/3/20,6:18:51
2019/3/20,6:21:03,,192.168.43.170,50.0145,49.9431,50.0571,2019/3/20,6:20:57
2019/3/20,6:23:09,,192.168.43.170,49.9891,49.9501,50.04,2019/3/20,6:23:03
2019/3/20,6:25:16,,192.168.43.170,50.0148,49.9545,50.0676,2019/3/20,6:25:10
2019/3/20,6:27:22,,192.168.43.170,50.0136,49.9371,50.0551,2019/3/20,6:27:17
2019/3/20,6:29:29,,192.168.43.170,49.9568,49.9256,50.0055,2019/3/20,6:29:23
2019/3/20,6:31:35,,192.168.43.170,49.9748,49.9396,50.017,2019/3/20,6:31:30
2019/3/20,6:33:42,,192.168.43.170,50.0055,49.968,50.0581,2019/3/20,6:33:36
2019/3/20,6:35:48,,192.168.43.170,50.0215,49.99,50.0571,2019/3/20,6:35:43
2019/3/20,6:37:54,,192.168.43.170,49.9624,49.9376,49.9885,2019/3/20,6:37:48
2019/3/20,6:40:01,,192.168.43.170,50.0068,49.9366,50.0721,2019/3/20,6:39:55
2019/3/20,6:42:07,,192.168.43.170,50.0144,49.9725,50.0516,2019/3/20,6:42:02
2019/3/20,6:44:14,,192.168.43.170,50.0093,49.9466,50.0566,2019/3/20,6:44:08
2019/3/20,6:46:20,,192.168.43.170,49.9572,49.9351,50.014,2019/3/20,6:46:15
2019/3/20,6:48:28,,192.168.43.170,49.9883,49.9625,50.037,2019/3/20,6:48:21
2019/3/20,6:50:34,,192.168.43.170,49.9832,49.958,50.0025,2019/3/20,6:50:28
2019/3/20,6:52:42,,192.168.43.170,49.9606,49.9406,49.9845,2019/3/20,6:52:35
2019/3/20,6:54:48,,192.168.43.170,49.996,49.965,50.0425,2019/3/20,6:54:42
2019/3/20,6:56:54,,192.168.43.170,50.0243,49.9905,50.0586,2019/3/20,6:56:49
2019/3/20,6:59:01,,192.168.43.170,50.0278,49.9745,50.0616,2019/3/20,6:58:55
2019/3/20,7:01:07,,192.168.43.170,50.0281,49.9995,50.0641,2019/3/20,7:01:02
2019/3/20,7:03:13,,192.168.43.170,49.9826,49.9396,50.0365,2019/3/20,7:03:08
2019/3/20,7:05:20,,192.168.43.170,49.9722,49.9351,50.0576,2019/3/20,7:05:14
2019/3/20,7:07:26,,192.168.43.170,49.9595,49.9231,50.0145,2019/3/20,7:07:21
2019/3/20,7:09:33,,192.168.43.170,49.9425,49.9241,49.96,2019/3/20,7:09:27
2019/3/20,7:11:40,,192.168.43.170,49.9444,49.9246,49.963,2019/3/20,7:11:34
2019/3/20,8:48:41,,192.168.43.170,50.0362,49.979,50.133,2019/3/20,8:48:35
2019/3/20,8:50:47,,192.168.43.170,50.0066,49.9351,50.0706,2019/3/20,8:50:42
2019/3/20,8:52:53,,192.168.43.170,50.0344,49.9975,50.1281,2019/3/20,8:52:47
2019/3/20,8:54:58,,192.168.43.170,49.9986,49.9665,50.0205,2019/3/20,8:54:53
2019/3/20,8:57:04,,192.168.43.170,50.0277,50,50.0516,2019/3/20,8:56:59
2019/3/20,8:59:10,,192.168.43.170,49.9941,49.9142,50.1797,2019/3/20,8:59:05
2019/3/20,9:01:16,,192.168.43.170,50.0042,49.976,50.0395,2019/3/20,9:01:11
2019/3/20,9:03:22,,192.168.43.170,49.974,49.9296,50.1446,2019/3/20,9:03:17
2019/3/20,9:05:28,,192.168.43.170,50.0045,49.972,50.0496,2019/3/20,9:05:23
2019/3/20,9:07:34,,192.168.43.170,50.0285,49.9465,50.0807,2019/3/20,9:07:29
2019/3/20,9:09:41,,192.168.43.170,50.0175,49.9565,50.0601,2019/3/20,9:09:35
2019/3/20,9:11:47,,192.168.43.170,49.977,49.9381,50.0475,2019/3/20,9:11:42
2019/3/20,9:13:53,,192.168.43.170,50.0065,49.9685,50.0742,2019/3/20,9:13:48
2019/3/20,9:15:59,,192.168.43.170,49.9811,49.9311,50.031,2019/3/20,9:15:54
2019/3/20,9:18:07,,192.168.43.170,49.9589,49.9291,50.1058,2019/3/20,9:18:01
2019/3/20,9:20:14,,192.168.43.170,49.9701,49.9356,50.045,2019/3/20,9:20:07
2019/3/20,9:22:19,,192.168.43.170,50.0272,49.9865,50.0586,2019/3/20,9:22:14
2019/3/20,9:24:26,,192.168.43.170,50.0304,49.971,50.0671,2019/3/20,9:24:20
2019/3/20,9:26:32,,192.168.43.170,49.9965,49.9401,50.0611,2019/3/20,9:26:26
2019/3/20,9:28:38,,192.168.43.170,50.0032,49.9715,50.042,2019/3/20,9:28:33
2019/3/20,9:30:45,,192.168.43.170,50.019,49.8912,50.0666,2019/3/20,9:30:39
2019/3/20,9:32:51,,192.168.43.170,50.0081,49.9815,50.042,2019/3/20,9:32:45
2019/3/20,9:34:57,,192.168.43.170,49.9706,49.9391,50.006,2019/3/20,9:34:52
2019/3/20,9:37:03,,192.168.43.170,49.9684,49.9346,50.0245,2019/3/20,9:36:58
2019/3/20,9:39:10,,192.168.43.170,49.9738,49.9411,50.0566,2019/3/20,9:39:04
2019/3/20,9:41:17,,192.168.43.170,49.9922,49.955,50.0671,2019/3/20,9:41:11
2019/3/20,9:43:24,,192.168.43.170,50.0308,49.99,50.0621,2019/3/20,9:43:18
2019/3/20,9:45:30,,192.168.43.170,50.0229,49.9645,50.0721,2019/3/20,9:45:25
2019/3/20,9:47:36,,192.168.43.170,50.048,49.9855,50.0776,2019/3/20,9:47:31
2019/3/20,9:49:43,,192.168.43.170,50.0423,50.0135,50.121,2019/3/20,9:49:36
2019/3/20,9:51:49,,192.168.43.170,50.0399,50.001,50.0641,2019/3/20,9:51:43
2019/3/20,9:53:55,,192.168.43.170,50.0423,49.9855,50.0856,2019/3/20,9:53:49
2019/3/20,9:56:01,,192.168.43.170,50.0304,49.9745,50.0741,2019/3/20,9:55:56
2019/3/20,9:58:07,,192.168.43.170,50.0136,49.9406,50.0656,2019/3/20,9:58:02
2019/3/20,10:00:13,,192.168.43.170,50.0325,49.989,50.0731,2019/3/20,10:00:07
2019/3/20,10:02:19,,192.168.43.170,50.0317,49.9795,50.0691,2019/3/20,10:02:13
2019/3/20,10:04:29,,192.168.43.170,50.0275,49.972,50.0631,2019/3/20,10:04:19
2019/3/20,10:06:35,,192.168.43.170,49.9729,49.8995,50.0065,2019/3/20,10:06:30
2019/3/20,10:08:41,,192.168.43.170,49.9786,49.9416,50.0135,2019/3/20,10:08:36
2019/3/20,10:10:47,,192.168.43.170,49.9572,49.9276,50.0198,2019/3/20,10:10:42
2019/3/20,10:12:54,,192.168.43.170,49.9585,49.9321,50,2019/3/20,10:12:48
2019/3/20,10:15:00,,192.168.43.170,49.9466,49.9151,49.985,2019/3/20,10:14:55
2019/3/20,10:21:18,,192.168.43.170,49.957,49.888,49.998,2019/3/20,10:21:13
2019/3/20,10:23:25,,192.168.43.170,49.949,49.9276,49.979,2019/3/20,10:23:19
2019/3/20,10:25:31,,192.168.43.170,49.9578,49.8815,50.0065,2019/3/20,10:25:26
2019/3/20,10:27:37,,192.168.43.170,49.9566,49.9231,50.0095,2019/3/20,10:27:32
2019/3/20,10:29:43,,192.168.43.170,49.9601,49.9276,50.0025,2019/3/20,10:29:38
2019/3/20,10:31:49,,192.168.43.170,49.9471,49.9231,50.0305,2019/3/20,10:31:44
2019/3/20,10:33:55,,192.168.43.170,49.9593,49.9306,50.0085,2019/3/20,10:33:50
2019/3/20,10:36:01,,192.168.43.170,49.9546,49.9226,50,2019/3/20,10:35:56
2019/3/20,10:38:08,,192.168.43.170,49.9704,49.9381,50.1088,2019/3/20,10:38:02
2019/3/20,10:40:14,,192.168.43.170,49.9765,49.9296,50.0205,2019/3/20,10:40:09
2019/3/20,10:42:20,,192.168.43.170,50.0103,49.9416,50.0902,2019/3/20,10:42:15
2019/3/20,10:45:40,,192.168.43.170,50.0243,49.973,50.0701,2019/3/20,10:45:34
2019/3/20,10:55:17,,192.168.43.170,50.018,49.9695,50.0591,2019/3/20,10:55:10
2019/3/20,10:59:23,,192.168.43.170,49.9846,49.9471,50.02,2019/3/20,10:59:17
2019/3/20,11:01:29,,192.168.43.170,50.037,49.9332,50.0796,2019/3/20,11:01:24
2019/3/20,11:03:35,,192.168.43.170,50.0292,49.971,50.0671,2019/3/20,11:03:30
2019/3/20,11:05:41,,192.168.43.170,50.0147,49.9451,50.0701,2019/3/20,11:05:36
2019/3/20,11:07:47,,192.168.43.170,50.0118,49.9371,50.0676,2019/3/20,11:07:42
2019/3/20,11:09:53,,192.168.43.170,50.0075,49.9351,50.0601,2019/3/20,11:09:48
2019/3/20,11:11:59,,192.168.43.170,49.9824,49.9471,50.015,2019/3/20,11:11:54
2019/3/20,11:14:06,,192.168.43.170,50.0032,49.9555,50.0445,2019/3/20,11:14:00
2019/3/20,11:16:12,,192.168.43.170,50.0206,49.976,50.0561,2019/3/20,11:16:06
2019/3/20,11:18:18,,192.168.43.170,49.986,49.9615,50.0195,2019/3/20,11:18:12
2019/3/20,11:20:26,,192.168.43.170,49.9646,49.9356,50.0125,2019/3/20,11:20:19
2019/3/20,11:22:33,,192.168.43.170,49.9648,49.9396,49.9825,2019/3/20,11:22:27
2019/3/20,11:24:40,,192.168.43.170,49.982,49.9386,50.0475,2019/3/20,11:24:34
2019/3/20,11:26:47,,192.168.43.170,49.9925,49.9411,50.0606,2019/3/20,11:26:41
2019/3/20,11:28:53,,192.168.43.170,50.0258,49.9725,50.0957,2019/3/20,11:28:48
2019/3/20,11:30:59,,192.168.43.170,50.0111,49.9505,50.0631,2019/3/20,11:30:54
2019/3/20,11:33:00,,0.0.0.0,50.018,49.9815,50.0581,2019/3/20,11:33:00
2019/3/20,11:35:01,,0.0.0.0,50.0236,49.992,50.0581,2019/3/20,11:35:01
2019/3/20,11:37:03,,0.0.0.0,49.9926,49.9426,50.0586,2019/3/20,11:37:03
2019/3/20,11:39:05,,0.0.0.0,49.9833,49.9505,50.0275,2019/3/20,11:39:05
2019/3/20,11:41:06,,0.0.0.0,50.0112,49.9945,50.0315,2019/3/20,11:41:06
2019/3/20,11:43:08,,0.0.0.0,49.9796,49.9436,50.0281,2019/3/20,11:43:08
2019/3/20,11:45:09,,0.0.0.0,49.9859,49.9471,50.0422,2019/3/20,11:45:09
2019/3/20,11:47:11,,0.0.0.0,50.0072,49.978,50.043,2019/3/20,11:47:11
2019/3/20,11:49:12,,0.0.0.0,49.9909,49.9391,50.0915,2019/3/20,11:49:12
2019/3/20,11:51:14,,0.0.0.0,49.9731,49.9391,50.0075,2019/3/20,11:51:14
2019/3/20,11:53:16,,0.0.0.0,50.0222,49.9645,50.0736,2019/3/20,11:53:16
2019/3/20,11:55:17,,0.0.0.0,50.0212,49.9676,50.0616,2019/3/20,11:55:17
2019/3/20,11:57:18,,0.0.0.0,50.0175,49.9392,50.0641,2019/3/20,11:57:18
2019/3/20,11:59:20,,0.0.0.0,50.0203,49.9795,50.1036,2019/3/20,11:59:20
2019/3/20,12:01:21,,0.0.0.0,50.0279,49.966,50.0936,2019/3/20,12:01:21
2019/3/20,12:03:23,,0.0.0.0,50.0258,49.967,50.0631,2019/3/20,12:03:23
2019/3/20,12:05:25,,0.0.0.0,50.0163,49.9695,50.0611,2019/3/20,12:05:25
2019/3/20,12:07:26,,0.0.0.0,50.0161,49.9775,50.0621,2019/3/20,12:07:26
2019/3/20,12:09:28,,0.0.0.0,50.0219,49.8917,50.0556,2019/3/20,12:09:28
2019/3/20,12:11:29,,0.0.0.0,50.0009,49.9675,50.0385,2019/3/20,12:11:29
2019/3/20,12:13:31,,0.0.0.0,49.9628,49.9336,50.0085,2019/3/20,12:13:31
2019/3/20,12:15:32,,0.0.0.0,49.9618,49.9316,50.0065,2019/3/20,12:15:32
2019/3/20,12:17:34,,0.0.0.0,49.9672,49.9361,49.9995,2019/3/20,12:17:34
2019/3/20,12:19:36,,0.0.0.0,49.9721,49.9331,50.014,2019/3/20,12:19:36
2019/3/20,12:21:37,,0.0.0.0,49.9566,49.9301,49.9925,2019/3/20,12:21:37
2019/3/20,12:23:39,,0.0.0.0,49.9616,49.9361,49.9975,2019/3/20,12:23:39
2019/3/20,12:25:40,,0.0.0.0,49.9795,49.9391,50.011,2019/3/20,12:25:40
2019/3/20,12:27:42,,0.0.0.0,49.9636,49.8911,49.996,2019/3/20,12:27:42
2019/3/20,12:29:44,,0.0.0.0,49.972,49.8665,50.024,2019/3/20,12:29:44
2019/3/20,12:31:45,,0.0.0.0,49.9675,49.9436,49.999,2019/3/20,12:31:45
2019/3/20,12:33:47,,0.0.0.0,49.9729,49.9351,50.027,2019/3/20,12:33:47
2019/3/20,12:35:49,,0.0.0.0,49.9666,49.9366,50.0637,2019/3/20,12:35:49
2019/3/20,12:37:50,,0.0.0.0,49.9587,49.9361,49.98,2019/3/20,12:37:50
2019/3/20,12:39:52,,0.0.0.0,49.9644,49.9356,49.999,2019/3/20,12:39:52
2019/3/20,12:41:53,,0.0.0.0,49.983,49.9491,50.029,2019/3/20,12:41:53
2019/3/20,12:43:55,,0.0.0.0,49.9826,49.9525,50.0115,2019/3/20,12:43:55
2019/3/20,12:45:57,,0.0.0.0,49.9698,49.9301,50.0225,2019/3/20,12:45:57
2019/3/20,12:47:58,,0.0.0.0,49.9647,49.9266,50.0095,2019/3/20,12:47:58
2019/3/20,12:50:00,,0.0.0.0,49.9954,49.966,50.1019,2019/3/20,12:50:00
2019/3/20,12:52:01,,0.0.0.0,50.006,49.958,50.0531,2019/3/20,12:52:01
2019/3/20,12:54:03,,0.0.0.0,49.9985,49.9605,50.0571,2019/3/20,12:54:03
2019/3/20,12:56:04,,0.0.0.0,50.0358,49.996,50.0666,2019/3/20,12:56:04
2019/3/20,12:58:06,,0.0.0.0,50.0265,49.956,50.0701,2019/3/20,12:58:06
2019/3/20,13:00:07,,0.0.0.0,50.0284,49.9685,50.0786,2019/3/20,13:00:07
2019/3/20,13:02:09,,0.0.0.0,50.0134,49.9316,50.0661,2019/3/20,13:02:09
2019/3/20,13:04:10,,0.0.0.0,50.0185,49.963,50.0721,2019/3/20,13:04:10
2019/3/20,13:06:12,,0.0.0.0,50.0171,49.957,50.1274,2019/3/20,13:06:12
2019/3/20,13:08:13,,0.0.0.0,50.02,49.9615,50.0631,2019/3/20,13:08:13
2019/3/20,13:10:15,,0.0.0.0,50.0284,49.9855,50.0646,2019/3/20,13:10:15
2019/3/20,13:12:16,,0.0.0.0,50.018,49.9555,50.0731,2019/3/20,13:12:16
2019/3/20,13:14:18,,0.0.0.0,50.0166,49.9585,50.0686,2019/3/20,13:14:18
2019/3/20,13:16:19,,0.0.0.0,50.0253,49.9595,50.0721,2019/3/20,13:16:19
2019/3/20,13:18:21,,0.0.0.0,50.0238,49.975,50.0671,2019/3/20,13:18:21
2019/3/20,13:20:22,,0.0.0.0,50.0158,49.9635,50.0766,2019/3/20,13:20:22
2019/3/20,13:22:24,,0.0.0.0,50.0228,49.9565,50.0711,2019/3/20,13:22:24
2019/3/20,13:24:25,,0.0.0.0,50.038,49.974,50.1231,2019/3/20,13:24:25
2019/3/20,13:26:27,,0.0.0.0,50.034,49.9805,50.0686,2019/3/20,13:26:27
2019/3/20,13:28:28,,0.0.0.0,50.0323,49.9835,50.0731,2019/3/20,13:28:28
2019/3/20,13:30:30,,0.0.0.0,50.0084,49.9251,50.0721,2019/3/20,13:30:30
2019/3/20,13:32:31,,0.0.0.0,49.9886,49.9371,50.02,2019/3/20,13:32:31
2019/3/20,13:34:33,,0.0.0.0,50.0216,49.966,50.0636,2019/3/20,13:34:33
2019/3/20,13:36:34,,0.0.0.0,50.016,49.952,50.0651,2019/3/20,13:36:34
2019/3/20,13:38:36,,0.0.0.0,50.0222,49.965,50.0631,2019/3/20,13:38:36
2019/3/20,13:40:37,,0.0.0.0,50.0363,49.997,50.0646,2019/3/20,13:40:37
2019/3/20,13:42:39,,0.0.0.0,50.021,49.9496,50.0721,2019/3/20,13:42:39
2019/3/20,13:44:40,,0.0.0.0,50.0306,49.8704,50.0776,2019/3/20,13:44:40
2019/3/20,13:46:42,,0.0.0.0,50.0241,49.9501,50.0711,2019/3/20,13:46:42
2019/3/20,13:48:43,,0.0.0.0,50.0356,49.9785,50.0666,2019/3/20,13:48:43
2019/3/20,13:50:45,,0.0.0.0,50.0412,49.9855,50.0806,2019/3/20,13:50:45
2019/3/20,13:52:46,,0.0.0.0,50.0367,49.979,50.0816,2019/3/20,13:52:46
2019/3/20,13:54:48,,0.0.0.0,50.0402,49.99,50.169,2019/3/20,13:54:48
2019/3/20,13:56:49,,0.0.0.0,50.0429,49.9755,50.0796,2019/3/20,13:56:49
2019/3/20,13:58:51,,0.0.0.0,50.0417,50.0085,50.0706,2019/3/20,13:58:51
2019/3/20,14:00:52,,0.0.0.0,50.0489,50.01,50.0796,2019/3/20,14:00:52
2019/3/20,14:02:53,,0.0.0.0,50.028,49.936,50.0781,2019/3/20,14:02:53
2019/3/20,14:04:55,,0.0.0.0,50.0417,50.0205,50.0651,2019/3/20,14:04:55
2019/3/20,14:06:56,,0.0.0.0,50.028,49.996,50.0566,2019/3/20,14:06:56
2019/3/20,14:08:58,,0.0.0.0,50.011,49.9451,50.0676,2019/3/20,14:08:58
2019/3/20,14:10:59,,0.0.0.0,50.0315,49.981,50.0766,2019/3/20,14:10:59
2019/3/20,14:13:01,,0.0.0.0,50.0087,49.9157,50.0656,2019/3/20,14:13:01
2019/3/20,14:15:02,,0.0.0.0,50.0166,49.955,50.0606,2019/3/20,14:15:02
2019/3/20,14:17:04,,0.0.0.0,50.006,49.9436,50.0606,2019/3/20,14:17:04
2019/3/20,14:19:05,,0.0.0.0,50.0094,49.964,50.0601,2019/3/20,14:19:05
2019/3/20,14:21:07,,0.0.0.0,49.9805,49.9336,50.0255,2019/3/20,14:21:07
2019/3/20,14:23:09,,0.0.0.0,49.9557,49.9331,49.9885,2019/3/20,14:23:09
2019/3/20,14:25:10,,0.0.0.0,49.9608,49.9311,50.0035,2019/3/20,14:25:10
2019/3/20,14:27:12,,0.0.0.0,50.0116,49.9341,50.047,2019/3/20,14:27:12
2019/3/20,14:29:13,,0.0.0.0,49.9823,49.9361,50.037,2019/3/20,14:29:13
2019/3/20,14:31:15,,0.0.0.0,49.9711,49.9451,50.0135,2019/3/20,14:31:15
2019/3/20,14:33:17,,0.0.0.0,49.9712,49.9321,50.0135,2019/3/20,14:33:17
2019/3/20,14:35:18,,0.0.0.0,49.961,49.9321,50.0615,2019/3/20,14:35:18
2019/3/20,14:37:20,,0.0.0.0,49.9603,49.9386,49.9875,2019/3/20,14:37:20
2019/3/20,14:39:22,,0.0.0.0,49.9578,49.9296,50.003,2019/3/20,14:39:22
2019/3/20,14:41:23,,0.0.0.0,49.9671,49.9441,49.9895,2019/3/20,14:41:23
2019/3/20,14:43:25,,0.0.0.0,49.974,49.9416,50.0903,2019/3/20,14:43:25
2019/3/20,14:45:26,,0.0.0.0,49.965,49.9371,50.0045,2019/3/20,14:45:26
2019/3/20,14:47:28,,0.0.0.0,49.955,49.9316,49.975,2019/3/20,14:47:28
2019/3/20,14:49:30,,0.0.0.0,49.9517,49.9276,49.985,2019/3/20,14:49:30
2019/3/20,14:51:31,,0.0.0.0,49.9518,49.9236,50.0025,2019/3/20,14:51:31
2019/3/20,14:53:33,,0.0.0.0,49.9548,49.9346,49.998,2019/3/20,14:53:33
2019/3/20,14:55:35,,0.0.0.0,49.9666,49.9426,50.1305,2019/3/20,14:55:35
2019/3/20,14:57:36,,0.0.0.0,49.9833,49.9401,50.0205,2019/3/20,14:57:36
2019/3/20,14:59:38,,0.0.0.0,49.9822,49.9316,50.0751,2019/3/20,14:59:38
2019/3/20,15:01:40,,0.0.0.0,49.9735,49.9321,50.02,2019/3/20,15:01:40
2019/3/20,15:03:41,,0.0.0.0,49.9494,49.9246,49.9885,2019/3/20,15:03:41
2019/3/20,15:05:43,,0.0.0.0,49.9477,49.9326,50.0927,2019/3/20,15:05:43
2019/3/20,15:07:44,,0.0.0.0,49.9414,49.6609,50.2085,2019/3/20,15:07:44
2019/3/20,15:09:46,,0.0.0.0,49.9497,49.9306,49.97,2019/3/20,15:09:46
2019/3/20,15:11:47,,0.0.0.0,49.9964,49.9481,50.0736,2019/3/20,15:11:47
2019/3/20,15:13:49,,0.0.0.0,50.0157,49.9655,50.0691,2019/3/20,15:13:49
2019/3/20,15:15:50,,0.0.0.0,50.0252,49.999,50.0521,2019/3/20,15:15:50
2019/3/20,15:17:52,,0.0.0.0,49.9903,49.9451,50.037,2019/3/20,15:17:52
2019/3/20,15:19:53,,0.0.0.0,49.9551,49.9301,49.9945,2019/3/20,15:19:53
2019/3/20,15:21:55,,0.0.0.0,49.972,49.9336,50.007,2019/3/20,15:21:55
2019/3/20,15:23:57,,0.0.0.0,49.9564,49.9048,49.9935,2019/3/20,15:23:57
2019/3/20,15:25:58,,0.0.0.0,49.9554,49.9311,49.989,2019/3/20,15:25:58
2019/3/20,15:28:00,,0.0.0.0,49.9687,49.9406,49.9915,2019/3/20,15:28:00
2019/3/20,15:30:02,,0.0.0.0,49.9927,49.9346,50.046,2019/3/20,15:30:02
2019/3/20,15:32:03,,0.0.0.0,49.9549,49.8439,49.996,2019/3/20,15:32:03
2019/3/20,15:34:05,,0.0.0.0,49.9567,49.9241,49.991,2019/3/20,15:34:05
2019/3/20,15:36:07,,0.0.0.0,49.9738,49.9486,50.0111,2019/3/20,15:36:07
2019/3/20,15:38:08,,0.0.0.0,50.0163,49.9655,50.043,2019/3/20,15:38:08
2019/3/20,15:40:10,,0.0.0.0,50.0065,49.978,50.0485,2019/3/20,15:40:10
2019/3/20,15:42:11,,0.0.0.0,50.0309,49.989,50.0601,2019/3/20,15:42:11
2019/3/20,15:44:13,,0.0.0.0,50.0303,49.9258,50.0651,2019/3/20,15:44:13
2019/3/20,15:46:14,,0.0.0.0,50.0019,49.9496,50.0521,2019/3/20,15:46:14
2019/3/20,15:48:16,,0.0.0.0,50.0166,49.982,50.0516,2019/3/20,15:48:16
2019/3/20,15:50:17,,0.0.0.0,49.9919,49.962,50.037,2019/3/20,15:50:17
2019/3/20,15:52:19,,0.0.0.0,49.9805,49.9461,50.024,2019/3/20,15:52:19
2019/3/20,15:54:20,,0.0.0.0,49.9773,49.953,50.018,2019/3/20,15:54:20
2019/3/20,15:56:22,,0.0.0.0,49.9801,49.9595,50.0025,2019/3/20,15:56:22
2019/3/20,15:58:24,,0.0.0.0,49.9729,49.9321,50.004,2019/3/20,15:58:24
2019/3/20,16:00:25,,0.0.0.0,49.9919,49.9655,50.029,2019/3/20,16:00:25
2019/3/20,16:02:27,,0.0.0.0,50.0005,49.9525,50.049,2019/3/20,16:02:27
2019/3/20,16:04:28,,0.0.0.0,49.989,49.954,50.0225,2019/3/20,16:04:28
2019/3/20,16:06:30,,0.0.0.0,49.9663,49.9356,50.011,2019/3/20,16:06:30
2019/3/20,16:08:32,,0.0.0.0,49.9867,49.9381,50.0365,2019/3/20,16:08:32
2019/3/20,16:10:33,,0.0.0.0,49.9902,49.9396,50.03,2019/3/20,16:10:33
2019/3/20,16:12:35,,0.0.0.0,49.9863,49.9665,50.019,2019/3/20,16:12:35
2019/3/20,16:14:36,,0.0.0.0,50.0143,49.9693,50.0693,2019/3/20,16:14:36
2019/3/20,16:16:38,,0.0.0.0,50.0159,49.982,50.039,2019/3/20,16:16:38
2019/3/20,16:18:39,,0.0.0.0,50.0209,49.97,50.0536,2019/3/20,16:18:39
2019/3/20,16:20:41,,0.0.0.0,50.0168,49.9775,50.045,2019/3/20,16:20:41
2019/3/20,16:22:42,,0.0.0.0,50.0098,49.959,50.0541,2019/3/20,16:22:42
2019/3/20,16:24:44,,0.0.0.0,49.9674,49.9089,49.9885,2019/3/20,16:24:44
2019/3/20,16:26:46,,0.0.0.0,49.9752,49.9356,50.0751,2019/3/20,16:26:46
2019/3/20,16:28:47,,0.0.0.0,49.9721,49.9376,50.015,2019/3/20,16:28:47
2019/3/20,16:30:49,,0.0.0.0,49.9859,49.9675,50.01,2019/3/20,16:30:49
2019/3/20,16:32:50,,0.0.0.0,50.0193,49.9865,50.0455,2019/3/20,16:32:50
2019/3/20,16:34:52,,0.0.0.0,50.0048,49.9585,50.0375,2019/3/20,16:34:52
2019/3/20,16:36:53,,0.0.0.0,50.0113,49.991,50.032,2019/3/20,16:36:53
2019/3/20,16:38:55,,0.0.0.0,50.023,49.975,50.0511,2019/3/20,16:38:55
2019/3/20,16:40:56,,0.0.0.0,49.9847,49.9486,50.002,2019/3/20,16:40:56
2019/3/20,16:42:58,,0.0.0.0,49.9654,49.9351,50,2019/3/20,16:42:58
2019/3/20,16:45:00,,0.0.0.0,49.9693,49.9341,50.0215,2019/3/20,16:45:00
2019/3/20,16:47:01,,0.0.0.0,49.9687,49.9396,50.01,2019/3/20,16:47:01
2019/3/20,16:49:03,,0.0.0.0,49.9686,49.9391,50.0095,2019/3/20,16:49:03
2019/3/20,16:51:04,,0.0.0.0,49.9695,49.9296,50.0125,2019/3/20,16:51:04
2019/3/20,16:53:06,,0.0.0.0,49.9768,49.9391,50.019,2019/3/20,16:53:06
2019/3/20,16:55:08,,0.0.0.0,50.0151,49.9746,50.0521,2019/3/20,16:55:08
2019/3/20,16:57:09,,0.0.0.0,50.013,49.9725,50.0536,2019/3/20,16:57:09
2019/3/20,16:59:11,,0.0.0.0,50.0229,49.8901,50.095,2019/3/20,16:59:11
2019/3/20,17:01:12,,0.0.0.0,50.0186,49.959,50.0551,2019/3/20,17:01:12
2019/3/20,17:03:14,,0.0.0.0,50.0173,49.9575,50.0666,2019/3/20,17:03:14
2019/3/20,17:05:15,,0.0.0.0,50.0185,49.9403,50.0651,2019/3/20,17:05:15
2019/3/20,17:07:17,,0.0.0.0,50.0255,49.9865,50.1519,2019/3/20,17:07:17
2019/3/20,17:09:18,,0.0.0.0,50.0128,49.955,50.0561,2019/3/20,17:09:18
2019/3/20,17:11:20,,0.0.0.0,50.0242,49.986,50.0501,2019/3/20,17:11:20
2019/3/20,17:13:21,,0.0.0.0,49.9837,49.958,50.006,2019/3/20,17:13:21
2019/3/20,17:15:23,,0.0.0.0,49.9624,49.9118,49.993,2019/3/20,17:15:23
2019/3/20,17:17:24,,0.0.0.0,49.9663,49.9326,50.001,2019/3/20,17:17:24
2019/3/20,17:19:26,,0.0.0.0,49.9686,49.9298,50.123,2019/3/20,17:19:26
2019/3/20,17:21:28,,0.0.0.0,49.974,49.9381,50.033,2019/3/20,17:21:28
2019/3/20,17:23:29,,0.0.0.0,49.9687,49.9416,50.004,2019/3/20,17:23:29
2019/3/20,17:25:31,,0.0.0.0,49.9759,49.9391,50.012,2019/3/20,17:25:31
2019/3/20,17:27:32,,0.0.0.0,49.9666,49.9376,50.013,2019/3/20,17:27:32
2019/3/20,17:29:34,,0.0.0.0,49.9572,49.9271,49.994,2019/3/20,17:29:34
2019/3/20,17:31:36,,0.0.0.0,49.9815,49.958,50.0216,2019/3/20,17:31:36
2019/3/20,17:33:37,,0.0.0.0,49.969,49.9421,50.0055,2019/3/20,17:33:37
2019/3/20,17:35:39,,0.0.0.0,50.0002,49.972,50.019,2019/3/20,17:35:39
2019/3/20,17:37:40,,0.0.0.0,50.0049,49.9087,50.0838,2019/3/20,17:37:40
2019/3/20,17:39:42,,0.0.0.0,50.0233,49.973,50.0541,2019/3/20,17:39:42
2019/3/20,17:41:44,,0.0.0.0,49.9691,49.9341,50.0265,2019/3/20,17:41:44
2019/3/20,17:43:45,,0.0.0.0,49.9972,49.9605,50.0948,2019/3/20,17:43:45
2019/3/20,17:45:47,,0.0.0.0,50.0108,49.9715,50.109,2019/3/20,17:45:47
2019/3/20,17:47:48,,0.0.0.0,50.0115,49.9451,50.0526,2019/3/20,17:47:48
2019/3/20,17:49:50,,0.0.0.0,49.9923,49.9471,50.029,2019/3/20,17:49:50
2019/3/20,17:51:51,,0.0.0.0,50.0192,49.969,50.0792,2019/3/20,17:51:51
2019/3/20,17:53:53,,0.0.0.0,50.0315,49.9875,50.0671,2019/3/20,17:53:53
2019/3/20,17:55:54,,0.0.0.0,50.0217,49.9745,50.0942,2019/3/20,17:55:54
2019/3/20,17:57:56,,0.0.0.0,50.0252,49.952,50.0726,2019/3/20,17:57:56
2019/3/20,17:59:57,,0.0.0.0,50.0169,49.963,50.0641,2019/3/20,17:59:57
2019/3/20,18:01:59,,0.0.0.0,49.9776,49.9251,50.0315,2019/3/20,18:01:59
2019/3/20,18:04:00,,0.0.0.0,50.0178,49.9825,50.0651,2019/3/20,18:04:00
2019/3/20,18:06:02,,0.0.0.0,50.0205,49.9705,50.0531,2019/3/20,18:06:02
2019/3/20,18:08:03,,0.0.0.0,50.0119,49.956,50.039,2019/3/20,18:08:03
2019/3/20,18:10:05,,0.0.0.0,50.026,49.957,50.0616,2019/3/20,18:10:05
2019/3/20,18:12:06,,0.0.0.0,50.0163,49.9655,50.0596,2019/3/20,18:12:06
2019/3/20,18:14:08,,0.0.0.0,49.9969,49.9685,50.0997,2019/3/20,18:14:08
2019/3/20,18:16:09,,0.0.0.0,49.9868,49.9665,50.0125,2019/3/20,18:16:09
2019/3/20,18:18:11,,0.0.0.0,50.0081,49.9675,50.0425,2019/3/20,18:18:11
2019/3/20,18:20:12,,0.0.0.0,50.0274,49.9905,50.0516,2019/3/20,18:20:12
2019/3/20,18:22:14,,0.0.0.0,50.018,49.955,50.0626,2019/3/20,18:22:14
2019/3/20,18:24:15,,0.0.0.0,50.0306,49.978,50.0676,2019/3/20,18:24:15
2019/3/20,18:26:17,,0.0.0.0,50.0261,49.952,50.138,2019/3/20,18:26:17
2019/3/20,18:28:18,,0.0.0.0,50.0178,49.965,50.0631,2019/3/20,18:28:18
2019/3/20,18:30:20,,0.0.0.0,50.0302,49.979,50.0686,2019/3/20,18:30:20
2019/3/20,18:32:21,,0.0.0.0,50.0414,50.002,50.0821,2019/3/20,18:32:21
2019/3/20,18:34:23,,0.0.0.0,50.0157,49.9316,50.0691,2019/3/20,18:34:23
2019/3/20,18:36:24,,0.0.0.0,50.0194,49.9441,50.116,2019/3/20,18:36:24
2019/3/20,18:38:26,,0.0.0.0,50.0222,49.9685,50.1099,2019/3/20,18:38:26
2019/3/20,18:40:27,,0.0.0.0,50.0346,49.9905,50.0696,2019/3/20,18:40:27
2019/3/20,18:42:29,,0.0.0.0,50.0254,49.9585,50.0761,2019/3/20,18:42:29
2019/3/20,18:44:30,,0.0.0.0,50.0398,49.9795,50.0791,2019/3/20,18:44:30
2019/3/20,18:46:31,,0.0.0.0,50.0243,49.9745,50.1053,2019/3/20,18:46:31
2019/3/20,18:48:33,,0.0.0.0,50.0294,49.978,50.0661,2019/3/20,18:48:33
2019/3/20,18:50:34,,0.0.0.0,50.0251,49.9675,50.1155,2019/3/20,18:50:34
2019/3/20,18:52:36,,0.0.0.0,50.0358,49.988,50.0751,2019/3/20,18:52:36
2019/3/20,18:54:37,,0.0.0.0,50.0157,49.9489,50.0716,2019/3/20,18:54:37
2019/3/20,18:56:39,,0.0.0.0,50.0282,49.966,50.0721,2019/3/20,18:56:39
2019/3/20,18:58:40,,0.0.0.0,50.0374,49.9845,50.0711,2019/3/20,18:58:40
2019/3/20,19:00:42,,0.0.0.0,50.0497,49.988,50.0826,2019/3/20,19:00:42
2019/3/20,19:02:43,,0.0.0.0,50.0352,50.0015,50.0626,2019/3/20,19:02:43
2019/3/20,19:04:45,,0.0.0.0,50.0478,50.0105,50.0851,2019/3/20,19:04:45
2019/3/20,19:06:46,,0.0.0.0,50.0096,49.9301,50.0576,2019/3/20,19:06:46
2019/3/20,19:08:48,,0.0.0.0,50.0292,49.9515,50.0666,2019/3/20,19:08:48
2019/3/20,19:10:49,,0.0.0.0,50.0377,49.9955,50.0646,2019/3/20,19:10:49
2019/3/20,19:12:51,,0.0.0.0,50.0292,49.9725,50.0681,2019/3/20,19:12:51
2019/3/20,19:14:52,,0.0.0.0,50.0265,49.975,50.0631,2019/3/20,19:14:52
2019/3/20,19:16:54,,0.0.0.0,50.0166,49.9525,50.0611,2019/3/20,19:16:54
2019/3/20,19:18:55,,0.0.0.0,50.0087,49.9515,50.0666,2019/3/20,19:18:55
2019/3/20,19:20:56,,0.0.0.0,50.0199,49.98,50.0596,2019/3/20,19:20:56
2019/3/20,19:22:58,,0.0.0.0,50.0222,49.9795,50.0666,2019/3/20,19:22:58
2019/3/20,19:24:59,,0.0.0.0,50.0238,49.9785,50.0601,2019/3/20,19:24:59
2019/3/20,19:27:01,,0.0.0.0,50.0117,49.9665,50.0475,2019/3/20,19:27:01
2019/3/20,19:29:03,,0.0.0.0,50.0023,49.983,50.0648,2019/3/20,19:29:03
2019/3/20,19:31:04,,0.0.0.0,50.0216,49.9955,50.047,2019/3/20,19:31:04
2019/3/20,19:33:06,,0.0.0.0,49.9971,49.9398,50.0185,2019/3/20,19:33:06
2019/3/20,19:35:07,,0.0.0.0,49.9985,49.8904,50.0205,2019/3/20,19:35:07
2019/3/20,19:37:09,,0.0.0.0,50.0091,49.9326,50.0566,2019/3/20,19:37:09
2019/3/20,19:39:10,,0.0.0.0,49.9939,49.9371,50.0335,2019/3/20,19:39:10
2019/3/20,19:41:12,,0.0.0.0,50.0089,49.98,50.0531,2019/3/20,19:41:12
2019/3/20,19:43:13,,0.0.0.0,50.0205,49.9985,50.0355,2019/3/20,19:43:13
2019/3/20,19:45:15,,0.0.0.0,50.0176,49.9695,50.0586,2019/3/20,19:45:15
2019/3/20,19:47:16,,0.0.0.0,50.0108,49.9491,50.0511,2019/3/20,19:47:16
2019/3/20,19:49:18,,0.0.0.0,49.998,49.966,50.0335,2019/3/20,19:49:18
2019/3/20,19:51:19,,0.0.0.0,49.9878,49.964,50.0045,2019/3/20,19:51:19
2019/3/20,19:53:21,,0.0.0.0,49.9959,49.968,50.0305,2019/3/20,19:53:21
2019/3/20,19:55:22,,0.0.0.0,50.0188,49.9825,50.0987,2019/3/20,19:55:22
2019/3/20,19:57:24,,0.0.0.0,50.0328,49.9775,50.0882,2019/3/20,19:57:24
2019/3/20,19:59:32,,192.168.43.170,50.0253,49.9765,50.0636,2019/3/20,19:59:26
2019/3/20,20:01:39,,192.168.43.170,50.0129,49.9466,50.0606,2019/3/20,20:01:33
2019/3/20,20:03:45,,192.168.43.170,50.0116,49.9715,50.0661,2019/3/20,20:03:39
2019/3/20,20:05:51,,192.168.43.170,49.9928,49.951,50.0501,2019/3/20,20:05:46
2019/3/20,20:08:01,,192.168.43.170,49.9954,49.9685,50.0195,2019/3/20,20:07:52
2019/3/20,20:10:08,,192.168.43.170,49.9877,49.9391,50.0701,2019/3/20,20:10:03
2019/3/20,20:12:14,,192.168.43.170,50.0183,49.9745,50.0661,2019/3/20,20:12:09
2019/3/20,20:14:20,,192.168.43.170,49.9601,49.9386,49.993,2019/3/20,20:14:15
2019/3/20,20:16:27,,192.168.43.170,49.9592,49.9306,50.027,2019/3/20,20:16:21
2019/3/20,20:18:33,,192.168.43.170,49.9547,49.9366,49.9725,2019/3/20,20:18:28
2019/3/20,20:20:39,,192.168.43.170,49.9448,49.9316,49.9575,2019/3/20,20:20:34
2019/3/20,20:22:45,,192.168.43.170,49.9478,49.9241,49.981,2019/3/20,20:22:40
2019/3/20,20:24:51,,192.168.43.170,49.9567,49.9311,49.986,2019/3/20,20:24:46
2019/3/20,20:26:57,,192.168.43.170,49.9502,49.9296,50.0058,2019/3/20,20:26:52
2019/3/20,20:29:04,,192.168.43.170,49.9528,49.9401,49.9735,2019/3/20,20:28:58
2019/3/20,20:31:10,,192.168.43.170,49.9821,49.9436,50.0265,2019/3/20,20:31:04
2019/3/20,20:33:16,,192.168.43.170,49.9832,49.9496,50.035,2019/3/20,20:33:11
2019/3/20,20:35:23,,192.168.43.170,49.9494,49.9216,50.011,2019/3/20,20:35:17
2019/3/20,20:37:29,,192.168.43.170,49.9375,49.9251,49.952,2019/3/20,20:37:24
2019/3/20,20:39:36,,192.168.43.170,49.9435,49.9346,49.9535,2019/3/20,20:39:31
2019/3/20,20:41:43,,192.168.43.170,49.9471,49.9236,49.99,2019/3/20,20:41:37
2019/3/20,20:43:49,,192.168.43.170,49.9695,49.9201,50.0325,2019/3/20,20:43:44
2019/3/20,20:45:56,,192.168.43.170,49.9585,49.9311,49.988,2019/3/20,20:45:50
2019/3/20,20:48:03,,192.168.43.170,49.9647,49.9391,49.998,2019/3/20,20:47:57
2019/3/20,20:50:09,,192.168.43.170,49.9765,49.9386,50.0165,2019/3/20,20:50:04
2019/3/20,20:52:15,,192.168.43.170,49.9786,49.9501,50.078,2019/3/20,20:52:10
2019/3/20,20:54:22,,192.168.43.170,50.0199,49.977,50.0546,2019/3/20,20:54:16
2019/3/20,20:56:28,,192.168.43.170,50.0278,49.993,50.0596,2019/3/20,20:56:23
2019/3/20,20:58:35,,192.168.43.170,50.0128,49.9461,50.0596,2019/3/20,20:58:29
2019/3/20,21:00:42,,192.168.43.170,50.0147,49.975,50.0395,2019/3/20,21:00:36
2019/3/20,21:02:48,,192.168.43.170,50.0073,49.9515,50.035,2019/3/20,21:02:43
2019/3/20,21:04:55,,192.168.43.170,49.995,49.9645,50.014,2019/3/20,21:04:49
2019/3/20,21:07:01,,192.168.43.170,49.9952,49.9735,50.0205,2019/3/20,21:06:56
2019/3/20,21:09:08,,192.168.43.170,50.0071,49.98,50.0235,2019/3/20,21:09:02
2019/3/20,21:11:14,,192.168.43.170,50.0055,49.9855,50.025,2019/3/20,21:11:08
2019/3/20,21:13:21,,192.168.43.170,49.9971,49.9735,50.014,2019/3/20,21:13:15
2019/3/20,21:15:28,,192.168.43.170,49.9945,49.977,50.0135,2019/3/20,21:15:22
2019/3/20,21:17:34,,192.168.43.170,49.9904,49.9635,50.0125,2019/3/20,21:17:28
2019/3/20,21:19:41,,192.168.43.170,49.9704,49.9446,49.9925,2019/3/20,21:19:35
2019/3/20,21:21:47,,192.168.43.170,49.9828,49.9446,50.0175,2019/3/20,21:21:42
2019/3/20,21:23:54,,192.168.43.170,49.9684,49.951,49.9815,2019/3/20,21:23:48
2019/3/20,21:26:00,,192.168.43.170,49.979,49.96,49.9905,2019/3/20,21:25:55
2019/3/20,21:28:07,,192.168.43.170,50,49.9406,50.0586,2019/3/20,21:28:01
2019/3/20,21:30:12,,192.168.43.170,50.021,49.984,50.0486,2019/3/20,21:30:07
2019/3/20,21:32:18,,192.168.43.170,50.0266,49.983,50.0626,2019/3/20,21:32:13
2019/3/20,21:34:25,,192.168.43.170,50.0073,49.9755,50.0526,2019/3/20,21:34:19
2019/3/20,21:36:31,,192.168.43.170,50.018,49.9715,50.0405,2019/3/20,21:36:25
2019/3/20,21:38:37,,192.168.43.170,50.0093,49.9665,50.0516,2019/3/20,21:38:31
2019/3/20,21:40:43,,192.168.43.170,50.0032,49.9181,50.0275,2019/3/20,21:40:37
2019/3/20,21:42:49,,192.168.43.170,50.0079,49.987,50.035,2019/3/20,21:42:44
2019/3/20,21:44:55,,192.168.43.170,50.0248,49.999,50.0511,2019/3/20,21:44:50
2019/3/20,21:47:01,,192.168.43.170,50.019,49.9735,50.0666,2019/3/20,21:46:56
2019/3/20,21:49:07,,192.168.43.170,50.0385,49.9396,50.0681,2019/3/20,21:49:02
2019/3/20,21:51:13,,192.168.43.170,50.0115,49.9595,50.0641,2019/3/20,21:51:08
2019/3/20,21:53:19,,192.168.43.170,50.0219,49.9735,50.0591,2019/3/20,21:53:14
2019/3/20,21:55:26,,192.168.43.170,50.037,50,50.0691,2019/3/20,21:55:20
2019/3/20,21:57:32,,192.168.43.170,50.0202,49.97,50.0611,2019/3/20,21:57:26
2019/3/20,21:59:38,,192.168.43.170,50.0319,49.987,50.0771,2019/3/20,21:59:32
2019/3/20,22:01:45,,192.168.43.170,50.0311,49.9595,50.0656,2019/3/20,22:01:39
2019/3/20,22:03:51,,192.168.43.170,50.0219,49.9575,50.0666,2019/3/20,22:03:46
2019/3/20,22:05:57,,192.168.43.170,50.0172,49.9501,50.0691,2019/3/20,22:05:51
2019/3/20,22:08:03,,192.168.43.170,50.0177,49.987,50.1054,2019/3/20,22:07:57
2019/3/20,22:10:09,,192.168.43.170,50.0282,49.9975,50.0611,2019/3/20,22:10:04
2019/3/20,22:12:15,,192.168.43.170,50.0219,49.9765,50.0611,2019/3/20,22:12:10
2019/3/20,22:14:22,,192.168.43.170,50.0243,49.9835,50.109,2019/3/20,22:14:16
2019/3/20,22:16:28,,192.168.43.170,50.0196,49.9815,50.0596,2019/3/20,22:16:22
2019/3/20,22:18:45,,192.168.43.170,50.0207,49.984,50.0546,2019/3/20,22:18:29
2019/3/20,22:20:53,,192.168.43.170,50.0279,49.991,50.0626,2019/3/20,22:20:46
2019/3/20,22:23:00,,192.168.43.170,50.0261,49.9895,50.0666,2019/3/20,22:22:53
2019/3/20,22:25:13,,192.168.43.170,50.0034,49.962,50.0315,2019/3/20,22:25:02
2019/3/20,22:27:25,,192.168.43.170,50.0192,49.983,50.0581,2019/3/20,22:27:14
2019/3/20,22:29:31,,192.168.43.170,50.0281,49.996,50.0651,2019/3/20,22:29:25
2019/3/20,22:31:45,,192.168.43.170,50.0281,49.986,50.0651,2019/3/20,22:31:32
2019/3/20,22:33:55,,192.168.43.170,50.0155,49.9885,50.0641,2019/3/20,22:33:46
2019/3/20,22:36:01,,192.168.43.170,50.0315,49.9915,50.0616,2019/3/20,22:35:55
2019/3/20,22:38:07,,192.168.43.170,50.0257,49.9865,50.0631,2019/3/20,22:38:01
2019/3/20,22:40:14,,192.168.43.170,50.0109,49.9501,50.0636,2019/3/20,22:40:08
2019/3/20,22:42:21,,192.168.43.170,50.0353,49.9975,50.0601,2019/3/20,22:42:15
2019/3/20,22:44:27,,192.168.43.170,50.0237,49.9843,50.1816,2019/3/20,22:44:21
2019/3/20,22:46:38,,192.168.43.170,50.0353,49.9955,50.0691,2019/3/20,22:46:28
2019/3/20,22:48:45,,192.168.43.170,50.0275,49.986,50.0681,2019/3/20,22:48:39
2019/3/20,22:50:52,,192.168.43.170,50.0244,49.9835,50.0606,2019/3/20,22:50:46
2019/3/20,22:52:58,,192.168.43.170,50.0261,49.974,50.0621,2019/3/20,22:52:52
2019/3/20,22:55:05,,192.168.43.170,50.0306,49.988,50.0651,2019/3/20,22:54:59
2019/3/20,22:57:11,,192.168.43.170,50.0359,49.9935,50.0661,2019/3/20,22:57:06
2019/3/20,22:59:18,,192.168.43.170,50.0251,49.9695,50.0651,2019/3/20,22:59:12
2019/3/20,23:01:25,,192.168.43.170,50.03,49.994,50.0601,2019/3/20,23:01:18
2019/3/20,23:03:32,,192.168.43.170,50.0229,49.9785,50.0681,2019/3/20,23:03:26
2019/3/20,23:05:39,,192.168.43.170,50.0262,49.987,50.0636,2019/3/20,23:05:33
2019/3/20,23:07:46,,192.168.43.170,50.0339,49.9965,50.1765,2019/3/20,23:07:40
2019/3/20,23:09:53,,192.168.43.170,50.0194,49.9745,50.1415,2019/3/20,23:09:47
2019/3/20,23:12:00,,192.168.43.170,50.029,49.9895,50.0556,2019/3/20,23:11:53
2019/3/20,23:14:06,,192.168.43.170,50.0243,49.9725,50.0601,2019/3/20,23:14:00
2019/3/20,23:16:13,,192.168.43.170,50.0305,49.9835,50.1425,2019/3/20,23:16:07
2019/3/20,23:18:19,,192.168.43.170,50.0203,49.9885,50.0546,2019/3/20,23:18:14
2019/3/20,23:20:31,,192.168.43.170,50.0293,49.9655,50.1656,2019/3/20,23:20:20
2019/3/20,23:22:37,,192.168.43.170,50.0208,49.975,50.0671,2019/3/20,23:22:31
2019/3/20,23:24:44,,192.168.43.170,50.0256,49.9785,50.0661,2019/3/20,23:24:38
2019/3/20,23:26:50,,192.168.43.170,50.0335,50.004,50.1185,2019/3/20,23:26:45
2019/3/20,23:28:57,,192.168.43.170,50.0205,49.9805,50.0536,2019/3/20,23:28:51
2019/3/20,23:31:04,,192.168.43.170,50.0361,50,50.0661,2019/3/20,23:30:58
2019/3/20,23:33:10,,192.168.43.170,50.0255,50.0025,50.0601,2019/3/20,23:33:05
2019/3/20,23:35:17,,192.168.43.170,50.029,49.987,50.0531,2019/3/20,23:35:11
2019/3/20,23:37:24,,192.168.43.170,50.0231,49.977,50.0691,2019/3/20,23:37:18
2019/3/20,23:39:30,,192.168.43.170,50.0323,49.9795,50.0676,2019/3/20,23:39:25
2019/3/20,23:41:37,,192.168.43.170,50.0284,49.9845,50.0636,2019/3/20,23:41:31
2019/3/20,23:43:44,,192.168.43.170,50.0333,49.9995,50.0621,2019/3/20,23:43:38
2019/3/20,23:45:50,,192.168.43.170,50.0223,49.973,50.0586,2019/3/20,23:45:44
2019/3/20,23:47:56,,192.168.43.170,50.02,49.984,50.0576,2019/3/20,23:47:51
2019/3/20,23:50:03,,192.168.43.170,50.0237,49.9825,50.0661,2019/3/20,23:49:57
2019/3/20,23:52:10,,192.168.43.170,50.0057,49.9555,50.0671,2019/3/20,23:52:04
2019/3/20,23:54:16,,192.168.43.170,50.0229,49.987,50.0561,2019/3/20,23:54:10
2019/3/20,23:56:23,,192.168.43.170,50.0156,49.9665,50.0636,2019/3/20,23:56:17
2019/3/20,23:58:29,,192.168.43.170,50.0342,49.995,50.0701,2019/3/20,23:58:24
